{"cameraMode":{"drawMode":0,"name":"Shaded","section":"Shading Mode"},"sceneLighting":true,"audioPlay":false,"sceneViewState":{"m_AlwaysRefresh":false,"showFog":true,"showSkybox":true,"showFlares":true,"showImageEffects":true,"showParticleSystems":true,"showVisualEffectGraphs":true,"m_FxEnabled":true},"in2DMode":false,"pivot":{"x":3.4570980072021486,"y":2.925253391265869,"z":-0.7235517501831055},"rotation":{"x":0.00963437557220459,"y":0.9713015556335449,"z":0.039945341646671298,"w":-0.2343035191297531},"size":4.751564025878906,"orthographic":false}